{"cameraMode":{"drawMode":0,"name":"Shaded","section":"Shading Mode"},"sceneLighting":true,"audioPlay":false,"sceneViewState":{"showFog":true,"showMaterialUpdate":true,"showSkybox":true,"showFlares":true,"showImageEffects":true,"showParticleSystems":true},"in2DMode":false,"pivot":{"x":0.43625402450561526,"y":-26.146020889282228,"z":-5.775481224060059},"rotation":{"x":0.08806079626083374,"y":-0.01882927678525448,"z":-0.0016639314126223326,"w":-0.995939314365387},"size":6.234863758087158,"orthographic":false}