{"cameraMode":{"drawMode":0,"name":"Shaded","section":"Shading Mode"},"sceneLighting":true,"audioPlay":false,"sceneViewState":{"showFog":true,"showMaterialUpdate":true,"showSkybox":true,"showFlares":true,"showImageEffects":true,"showParticleSystems":true},"in2DMode":false,"pivot":{"x":-11.433906555175782,"y":-7.815330505371094,"z":19.593568801879884},"rotation":{"x":-0.17559714615345,"y":0.620250940322876,"z":-0.1451031118631363,"w":-0.7505993247032166},"size":104.29962158203125,"orthographic":false}